condition,question,truth,n_valid,median,iqr,norm_iqr,exact_rate
base_raw,q01,206,50,79.5,275.0,1.335,0.04
base_raw,q02,660,50,300.5,742.25,1.1246,0.0
base_raw,q03,212,50,196.0,356.25,1.6804,0.1
base_raw,q04,687,50,311.5,4669.0,6.7962,0.0
base_raw,q05,343,50,496.5,4200.75,12.2471,0.02
base_raw,q06,24,50,10.5,18.25,0.7604,0.04
base_raw,q07,1064,50,319.0,917.75,0.8625,0.0
base_raw,q08,299792458,47,709.0,140510635.5,0.4687,0.191
base_raw,q09,88,50,34.5,432.75,4.9176,0.0
base_raw,q10,78,50,24.5,72.25,0.9263,0.02
instruct_raw,q01,206,50,131.0,442.5,2.1481,0.0
instruct_raw,q02,660,50,433.5,4471.75,6.7754,0.0
instruct_raw,q03,212,50,250.5,366.25,1.7276,0.04
instruct_raw,q04,687,50,215.5,4561.0,6.639,0.0
instruct_raw,q05,343,50,1414.5,43517.0,126.8717,0.02
instruct_raw,q06,24,50,15.5,33.0,1.375,0.02
instruct_raw,q07,1064,50,722.0,4712.5,4.429,0.0
instruct_raw,q08,299792458,50,46741.5,8074832.75,0.0269,0.06
instruct_raw,q09,88,50,59.5,720.75,8.1903,0.0
instruct_raw,q10,78,50,25.5,1057.0,13.5513,0.0
instruct_chat,q01,206,50,24.0,10.0,0.0485,0.0
instruct_chat,q02,660,50,284.0,614.5,0.9311,0.0
instruct_chat,q03,212,50,120.0,173.0,0.816,0.0
instruct_chat,q04,687,50,31.0,59.25,0.0862,0.0
instruct_chat,q05,343,50,340.0,392.75,1.145,0.0
instruct_chat,q06,24,50,16.5,12.75,0.5312,0.1
instruct_chat,q07,1064,50,748.5,2940.25,2.7634,0.0
instruct_chat,q08,299792458,50,240.0,297.0,0.0,0.0
instruct_chat,q09,88,50,12.0,25.75,0.2926,0.0
instruct_chat,q10,78,50,18.0,11.0,0.141,0.0
